All Admin,All Admin,admin,,all,PLATFORM,,
To view the Admin,To view the Admin,admin,,view,PLATFORM,,
All Users,All Users,admin,user,all,PLATFORM,,
To view the User,To view the User,admin,user,view,PLATFORM,,
To create the User,To create the User,admin,user,create,PLATFORM,,
To edit the User,To edit the User,admin,user,edit,PLATFORM,,
To delete the User,To delete the User,admin,user,delete,PLATFORM,,
All Groups,All Groups,admin,group,all,PLATFORM,,
To view the Group,To view the Group,admin,group,view,PLATFORM,,
To create the Group,To create the Group,admin,group,create,PLATFORM,,
To edit the Group,To edit the Group,admin,group,edit,PLATFORM,,
To delete the Group,To delete the Group,admin,group,delete,PLATFORM,,
All Classifications,All Classifications,classification,,all,PLATFORM,,
To view the Classification objects,To view the Classification objects,classification,,view,PLATFORM,,
To create the Classification objects,To create the Classification objects,classification,,create,PLATFORM,,
To edit the Classification objects,To edit the Classification objects,classification,,edit,PLATFORM,,
To delete the Classification objects,To delete the Classification objects,classification,,delete,PLATFORM,,
All Items,All Items,item,,all,PE,,
To view the Item objects,To view the Item objects,item,,view,PE,,
To create the Item objects,To create the Item objects,item,,create,PE,,
To edit the Item objects,To edit the Item objects,item,,edit,PE,,
To delete the Item objects,To delete the Item objects,item,,delete,PE,,
To lock the Item objects,To lock the Item objects,item,,lock,PE,,
To copy the Item objects,To copy the Item objects,item,,copy,PE,,
To print the Item objects,To print the Item objects,item,,print,PE,,
All PLMNprs,All PLMNprs,plmnpr,,all,PE,,
To view the PLMNpr objects,To view the PLMNpr objects,plmnpr,,view,PE,,
To create the PLMNpr objects,To create the PLMNpr objects,plmnpr,,create,PE,,
To edit the PLMNpr objects,To edit the PLMNpr objects,plmnpr,,edit,PE,,
To delete the PLMNpr objects,To delete the PLMNpr objects,plmnpr,,delete,PE,,
All Changes,All Changes,change,,all,PE,,
To view the Changes objects,To view the Changes objects,change,,view,PE,,
To create the Changes objects,To create the Changes objects,change,,create,PE,,
To edit the Changes objects,To edit the Changes objects,change,,edit,PE,,
To delete the Changes objects,To delete the Changes objects,change,,delete,PE,,
All Manufacturers,All Manufacturers,manufacturer,,all,PM,,
To view the Manufacturers objects,To view the Manufacturers objects,manufacturer,,view,PM,,
To create the Manufacturers objects,To create the Manufacturers objects,manufacturer,,create,PM,,
To edit the Manufacturers objects,To edit the Manufacturers objects,manufacturer,,edit,PM,,
All Sharing,All Sharing,sharing,,all,PLATFORM,,
All Projects,All Projects,project,,all,PE,,
To view the Project objects,To view the Project objects,project,,view,PE,,
To create the Project objects,To create the Project objects,project,,create,PE,,
To edit the Project objects,To edit the Project objects,project,,edit,PE,,
To delete the Project objects,To delete the Project objects,project,,delete,PE,,
All Settings,All Settings,settings,,all,PLATFORM,,
To view the Settings objects,To view the Settings objects,settings,,view,PLATFORM,,
To create the Settings objects,To create the Settings objects,settings,,create,PLATFORM,,
To edit the Settings objects,To edit the Settings objects,settings,,edit,PLATFORM,,
To delete the Settings objects,To delete the Settings objects,settings,,delete,PLATFORM,,
All Requirements,All Requirement,requirement,,all,PE,,
To view the Requirement objects,To view the requirement objects,requirement,,view,PE,,
To create the Requirement objects,To create the requirement objects,requirement,,create,PE,,
To edit the Requirement objects,To edit the requirement objects,requirement,,edit,PE,,
To delete the Requirement objects,To delete the requirement objects,requirement,,delete,PE,,
All Requirement Documents,All Requirement Documents,requirementdocument,,all,PE,,
To view the Requirement Document objects,To view the Requirement Document objects,requirementdocument,,view,PE,,
To create the Requirement Document objects,To create the Requirement Document objects,requirementdocument,,create,PE,,
To edit the Requirement Document objects,To edit the Requirement Document objects,requirementdocument,,edit,PE,,
To delete the Requirement Document objects,To delete the Requirement Document objects,requirementdocument,,delete,PE,,
All Activities,All Activities,activity,,all,PLATFORM,,
To view the About objects,To view the About objects,about,,view,PLATFORM,,
To edit the About objects,To edit the About objects,about,,edit,PLATFORM,,
All Sessions,All Sessions,sessions,,all,PLATFORM,,
All Qualities,All Qualities,quality,,all,PQ,,
To view the Quality objects,To view the Quality objects,quality,,view,PQ,,
To create the Quality objects,To create the Quality objects,quality,,create,PQ,,
To edit the Quality objects,To edit the Quality objects,quality,,edit,PQ,,
To delete the Quality objects,To delete the Quality objects,quality,,delete,PQ,,
All Inspection Plans,All Inspection Plans,inspectionplan,,all,PQ,,
To view the Inspection Plans objects,To view the Inspection Plans objects,inspectionplan,,view,PQ,,
To create the Inspection Plans objects,To create the Inspection Plans objects,inspectionplan,,create,PQ,,
To edit the Inspection Plans objects,To edit the Inspection Plans objects,inspectionplan,,edit,PQ,,
To delete the Inspection Plans objects,To delete the Inspection Plans objects,inspectionplan,,delete,PQ,,
All Product Inspection Plans,All Product Inspection Plans,productinspectionplan,,all,PQ,,
To view the Product Inspection Plans objects,To view the Product Inspection Plans objects,productinspectionplan,,view,PQ,,
To create the Product Inspection Plans objects,To create the Product Inspection Plans objects,productinspectionplan,,create,PQ,,
To edit the Product Inspection Plans objects,To edit the Product Inspection Plans objects,productinspectionplan,,edit,PQ,,
To delete the Product Inspection Plans objects,To delete the Product Inspection Plans objects,productinspectionplan,,delete,PQ,,
All Material Inspection Plans,All Inspection Plans,materialinspectionplan,,all,PQ,,
To view the Material Inspection Plans objects,To view the Material Inspection Plans objects,materialinspectionplan,,view,PQ,,
To create the Material Inspection Plans objects,To create the Material Inspection Plans objects,materialinspectionplan,,create,PQ,,
To edit the Material Inspection Plans objects,To edit the Material Inspection Plans objects,materialinspectionplan,,edit,PQ,,
To delete the Material Inspection Plans objects,To delete the Material Inspection Plans objects,materialinspectionplan,,delete,PQ,,
All Inspections,All Inspections,inspection,,all,PQ,,
To view the Inspections objects,To view the Inspections objects,inspection,,view,PQ,,
To create the Inspections objects,To create the Inspections objects,inspection,,create,PQ,,
To edit the Inspections objects,To edit the Inspections objects,inspection,,edit,PQ,,
To delete the Inspections objects,To delete the Inspections objects,inspection,,delete,PQ,,
All Item Inspections,All Item Inspections,iteminspection,,all,PQ,,
To view the Item Inspections objects,To view the Item Inspections objects,iteminspection,,view,PQ,,
To create the Item Inspections objects,To create the Item Inspections objects,iteminspection,,create,PQ,,
To edit the Item Inspections objects,To edit the Item Inspections objects,iteminspection,,edit,PQ,,
To delete the Item Inspections objects,To delete the Item Inspections objects,iteminspection,,delete,PQ,,
All Material Inspections,All Material Inspections,materialinspection,,all,PQ,,
To view the Material Inspections objects,To view the Material Inspections objects,materialinspection,,view,PQ,,
To create the Material Inspections objects,To create the Material Inspections objects,materialinspection,,create,PQ,,
To edit the Material Inspections objects,To edit the Material Inspections objects,materialinspection,,edit,PQ,,
To delete the Material Inspections objects,To delete the Material Inspections objects,materialinspection,,delete,PQ,,
All Problem Reports,All Problem Reports,problemreport,,all,PQ,,
To view the Problem Reports objects,To view the Problem Reports objects,problemreport,,view,PQ,,
To create the Problem Reports objects,To create the Problem Reports objects,problemreport,,create,PQ,,
To edit the Problem Reports objects,To edit the Problem Reports objects,problemreport,,edit,PQ,,
To delete the Problem Reports objects,To delete the Problem Reports objects,problemreport,,delete,PQ,,
All NCRs,All NCRs,ncr,,all,PQ,,
To view the NCRs objects,To view the Inspections objects,ncr,,view,PQ,,
To create the NCRs objects,To create the NCRs objects,ncr,,create,PQ,,
To edit the NCRs objects,To edit the NCRs objects,ncr,,edit,PQ,,
To delete the NCRs objects,To delete the NCRs objects,ncr,,delete,PQ,,
All QCRs,All QCRs,qcr,,all,PQ,,
To view the QCRs objects,To view the QCRs objects,qcr,,view,PQ,,
To create the QCRs objects,To create the QCRs objects,qcr,,create,PQ,,
To edit the QCRs objects,To edit the QCRs objects,qcr,,edit,PQ,,
To delete the QCRs objects,To delete the QCRs objects,qcr,,delete,PQ,,
All Customers,All Customers,customer,,all,PLATFORM,,
To view the Customers objects,To view the Customers objects,customer,,view,PLATFORM,,
To create the Customers objects,To create the Customers objects,customer,,create,PLATFORM,,
To edit the Customers objects,To edit the Customers objects,customer,,edit,PLATFORM,,
To delete the Customers objects,To delete the Customers objects,customer,,delete,PLATFORM,,
All ECO,All ECO,change,eco,all,PE,,
To view the ECO objects,To view the ECO objects,change,eco,view,PE,,
To create the ECO objects,To create the ECO objects,change,eco,create,PE,,
To edit the ECO objects,To edit the ECO objects,change,eco,edit,PE,,
To delete the ECO objects,To delete the ECO objects,change,eco,delete,PE,,
All ECR,All ECR,change,ecr,all,PE,,
To view the ECR objects,To view the ECR objects,change,ecr,view,PE,,
To create the ECR objects,To create the ECR objects,change,ecr,create,PE,,
To edit the ECR objects,To edit the ECR objects,change,ecr,edit,PE,,
To delete the ECR objects,To delete the ECR objects,change,ecr,delete,PE,,
All MCO,All MCO,change,mco,all,PM,,
To view the MCO objects,To view the MCO objects,change,mco,view,PM,,
To create the MCO objects,To create the MCO objects,change,mco,create,PM,,
To edit the MCO objects,To edit the MCO objects,change,mco,edit,PM,,
To delete the MCO objects,To delete the MCO objects,change,mco,delete,PM,,
All Item MCO,All Item MCO,itemmco,,all,PM,,
To view the Item MCO objects,To view the Item MCO objects,itemmco,,view,PM,,
To create the Item MCO objects,To create the Item MCO objects,itemmco,,create,PM,,
To edit the Item MCO objects,To edit the Item MCO objects,itemmco,,edit,PM,,
To delete the Item MCO objects,To delete the Item MCO objects,itemmco,,delete,PM,,
All OEM Part MCO,All OEM Part MCO,oempartmco,,all,PM,,
To view the OEM Part MCO objects,To view the OEM Part MCO objects,oempartmco,,view,PM,,
To create the OEM Part MCO objects,To create the OEM Part MCO objects,oempartmco,,create,PM,,
To edit the OEM Part MCO objects,To edit the OEM Part MCO objects,oempartmco,,edit,PM,,
To delete the OEM Part MCO objects,To delete OEM Part the MCO objects,oempartmco,,delete,PM,,
All DCO,All DCO,change,dco,all,PE,,
To view the DCO objects,To view the DCO objects,change,dco,view,PE,,
To create the DCO objects,To create the DCO objects,change,dco,create,PE,,
To edit the DCO objects,To edit the DCO objects,change,dco,edit,PE,,
To delete the DCO objects,To delete the DCO objects,change,dco,delete,PE,,
All DCR,All DCRs,change,dcr,all,PE,,
To view the DCR objects,To view the DCR objects,change,dcr,view,PE,,
To create the DCR objects,To create the DCR objects,change,dcr,create,PE,,
To edit the DCR objects,To edit the DCR objects,change,dcr,edit,PE,,
To delete the DCR objects,To delete the DCR objects,change,dcr,delete,PE,,
All Deviations,All Deviations,change,deviation,all,PM,,
To view the Deviation objects,To view the Deviation objects,change,deviation,view,PM,,
To create the Deviation objects,To create the Deviation objects,change,deviation,create,PM,,
To edit the Deviation objects,To edit the Deviation objects,change,deviation,edit,PM,,
To delete the Deviation objects,To delete the Deviation objects,change,deviation,delete,PM,,
All Waivers,All Waivers,change,waiver,all,PM,,
To view the Waiver objects,To view the Waiver objects,change,waiver,view,PM,,
To create the Waiver objects,To create the Waiver objects,change,waiver,create,PM,,
To edit the Waiver objects,To edit the Waiver objects,change,waiver,edit,PM,,
To delete the Waiver objects,To delete the Waiver objects,change,waiver,delete,PM,,
To audit the QCRs objects,To audit the QCRs objects,qcr,,audit,PM,,
All Manufacturer Parts,All Manufacturer Parts,manufacturerpart,,all,PM,,
To view the Manufacturer Parts objects,To view the Manufacturer Parts objects,manufacturerpart,,view,PM,,
To create the Manufacturer Parts objects,To create the Manufacturer Parts objects,manufacturerpart,,create,PM,,
To edit the Manufacturer Parts objects,To edit the Manufacturer Parts objects,manufacturerpart,,edit,PM,,
To delete the Manufacturer Parts objects,To delete the Manufacturer Parts objects,manufacturerpart,,delete,PM,,
All Plants,All Plants,plant,,all,PM,,
To view the Plant objects,To view the Plant objects,plant,,view,PM,,
To create the Plant objects,To create the Plant objects,plant,,create,PM,,
To edit the Plant objects,To edit the Plant objects,plant,,edit,PM,,
To delete the Plant objects,To delete the Plant objects,plant,,delete,PM,,
All WorkCenters,All WorkCenters,workcenter,,all,PM,,
To view the WorkCenter objects,To view the WorkCenter objects,workcenter,,view,PM,,
To create the WorkCenter objects,To create the WorkCenter objects,workcenter,,create,PM,,
To edit the WorkCenter objects,To edit the WorkCenter objects,workcenter,,edit,PM,,
To delete the WorkCenter objects,To delete the WorkCenter objects,workcenter,,delete,PM,,
All Machines,All Machine,machine,,all,PM,,
To view the Machine objects,To view the Machine objects,machine,,view,PM,,
To create the Machine objects,To create the Machine objects,machine,,create,PM,,
To edit the Machine objects,To edit the Machine objects,machine,,edit,PM,,
To delete the Machine objects,To delete the Machine objects,machine,,delete,PM,,
All Equipments,All Equipments,equipment,,all,PM,,
To view the Equipment objects,To view the Equipment objects,equipment,,view,PM,,
To create the Equipment objects,To create the Equipment objects,equipment,,create,PM,,
To edit the Equipment objects,To edit the Equipment objects,equipment,,edit,PM,,
To delete the Equipment objects,To delete the Equipment objects,equipment,,delete,PM,,
All Instruments,All Instruments,instrument,,all,PM,,
To view the Instrument objects,To view the Instrument objects,instrument,,view,PM,,
To create the Instrument objects,To create the Instrument objects,instrument,,create,PM,,
To edit the Instrument objects,To edit the Instrument objects,instrument,,edit,PM,,
To delete the Instrument objects,To delete the Instrument objects,instrument,,delete,PM,,
All Tools,All Tools,tool,,all,PM,,
To view the Tool objects,To view the Tool objects,tool,,view,PM,,
To create the Tool objects,To create the Tool objects,tool,,create,PM,,
To edit the Tool objects,To edit the Tool objects,tool,,edit,PM,,
To delete the Tool objects,To delete the Tool objects,tool,,delete,PM,,
All JigFixtures,All JigFixtures,jigfixture,,all,PM,,
To view the JigFixture objects,To view the JigFixture objects,jigfixture,,view,PM,,
To create the JigFixture objects,To create the JigFixture objects,jigfixture,,create,PM,,
To edit the JigFixture objects,To edit the JigFixture objects,jigfixture,,edit,PM,,
To delete the JigFixture objects,To delete the JigFixture objects,jigfixture,,delete,PM,,
All Materials,All Materials,material,,all,PM,,
To view the Material objects,To view the Material objects,material,,view,PM,,
To create the Material objects,To create the Material objects,material,,create,PM,,
To edit the Material objects,To edit the Material objects,material,,edit,PM,,
To delete the Material objects,To delete the Material objects,material,,delete,PM,,
All Manpowers,All Manpowers,manpower,,all,PM,,
To view the Manpower objects,To view the Manpower objects,manpower,,view,PM,,
To create the Manpower objects,To create the Manpower objects,manpower,,create,PM,,
To edit the Manpower objects,To edit the Manpower objects,manpower,,edit,PM,,
To delete the Manpower objects,To delete the Manpower objects,manpower,,delete,PM,,
All Shifts,All Shifts,shift,,all,PM,,
To view the Shift objects,To view the Shift objects,shift,,view,PM,,
To create the Shift objects,To create the Shift objects,shift,,create,PM,,
To edit the Shift objects,To edit the Shift objects,shift,,edit,PM,,
To delete the Shift objects,To delete the Shift objects,shift,,delete,PM,,
All Operations,All Operations,operation,,all,PM,,
To view the Operation objects,To view the Operation objects,operation,,view,PM,,
To create the Operation objects,To create the Operation objects,operation,,create,PM,,
To edit the Operation objects,To edit the Operation objects,operation,,edit,PM,,
To delete the Operation objects,To delete the Operation objects,operation,,delete,PM,,
All ProductionOrders,All ProductionOrders,productionorder,,all,PM,,
To view the ProductionOrder objects,To view the ProductionOrder objects,productionorder,,view,PM,,
To create the ProductionOrder objects,To create the ProductionOrder objects,productionorder,,create,PM,,
To edit the ProductionOrder objects,To edit the ProductionOrder objects,productionorder,,edit,PM,,
To delete the ProductionOrder objects,To delete the ProductionOrder objects,productionorder,,delete,PM,,
All ServiceOrders,All ServiceOrders,serviceorder,,all,PM,,
To view the ServiceOrder objects,To view the ServiceOrder objects,serviceorder,,view,PM,,
To create the ServiceOrder objects,To create the ServiceOrder objects,serviceorder,,create,PM,,
To edit the ServiceOrder objects,To edit the ServiceOrder objects,serviceorder,,edit,PM,,
To delete the ServiceOrder objects,To delete the ServiceOrder objects,serviceorder,,delete,PM,,
All MROAssets,All MROAssets,mroasset,,all,PM,,
To view the MROAsset objects,To view the MROAsset objects,mroasset,,view,PM,,
To create the MROAsset objects,To create the MROAsset objects,mroasset,,create,PM,,
To edit the MROAsset objects,To edit the MROAsset objects,mroasset,,edit,PM,,
To delete the MROAsset objects,To delete the MROAsset objects,mroasset,,delete,PM,,
All MROMeters,All MROMeters,mrometer,,all,PM,,
To view the MROMeter objects,To view the MROMeter objects,mrometer,,view,PM,,
To create the MROMeter objects,To create the MROMeter objects,mrometer,,create,PM,,
To edit the MROMeter objects,To edit the MROMeter objects,mrometer,,edit,PM,,
To delete the MROMeter objects,To delete the MROMeter objects,mrometer,,delete,PM,,
All MROSpareParts,All MROSpareParts,mrosparepart,,all,PM,,
To view the MROSparePart objects,To view the MROSparePart objects,mrosparepart,,view,PM,,
To create the MROSparePart objects,To create the MROSparePart objects,mrosparepart,,create,PM,,
To edit the MROSparePart objects,To edit the MROSparePart objects,mrosparepart,,edit,PM,,
To delete the MROSparePart objects,To delete the MROSparePart objects,mrosparepart,,delete,PM,,
All MROMaintenancePlans,All MROMaintenancePlans,mromaintenanceplan,,all,PM,,
To view the MROMaintenancePlan objects,To view the MROMaintenancePlan objects,mromaintenanceplan,,view,PM,,
To create the MROMaintenancePlan objects,To create the MROMaintenancePlan objects,mromaintenanceplan,,create,PM,,
To edit the MROMaintenancePlan objects,To edit the MROMaintenancePlan objects,mromaintenanceplan,,edit,PM,,
To delete the MROMaintenancePlan objects,To delete the MROMaintenancePlan objects,mromaintenanceplan,,delete,PM,,
All MROWorkRequests,All MROWorkRequests,mroworkrequest,,all,PM,,
To view the MROWorkRequest objects,To view the MROWorkRequest objects,mroworkrequest,,view,PM,,
To create the MROWorkRequest objects,To create the MROWorkRequest objects,mroworkrequest,,create,PM,,
To edit the MROWorkRequest objects,To edit the MROWorkRequest objects,mroworkrequest,,edit,PM,,
To delete the MROWorkRequest objects,To delete the MROWorkRequest objects,mroworkrequest,,delete,PM,,
All MROWorkOrders,All MROWorkOrders,mroworkorder,,all,PM,,
To view the MROWorkOrder objects,To view the MROWorkOrder objects,mroworkorder,,view,PM,,
To create the MROWorkOrder objects,To create the MROWorkOrder objects,mroworkorder,,create,PM,,
To edit the MROWorkOrder objects,To edit the MROWorkOrder objects,mroworkorder,,edit,PM,,
To delete the MROWorkOrder objects,To delete the MROWorkOrder objects,mroworkorder,,delete,PM,,
All MFRSuppliers,All MFRSuppliers,mfrsupplier,,all,PM,,
To view the MFRSupplier objects,To view the MFRSupplier objects,mfrsupplier,,view,PM,,
To create the MFRSupplier objects,To create the MFRSupplier objects,mfrsupplier,,create,PM,,
To edit the MFRSupplier objects,To edit the MFRSupplier objects,mfrsupplier,,edit,PM,,
To delete the MFRSupplier objects,To delete the MFRSupplier objects,mfrsupplier,,delete,PM,,
All PGCSubstances,All PGCSubstances,pgcsubstance,,all,PE,,
To view the PGCSubstance objects,To view the PGCSubstance objects,pgcsubstance,,view,PE,,
To create the PGCSubstance objects,To create the PGCSubstance objects,pgcsubstance,,create,PE,,
To edit the PGCSubstance objects,To edit the PGCSubstance objects,pgcsubstance,,edit,PE,,
To delete the PGCSubstance objects,To delete the PGCSubstance objects,pgcsubstance,,delete,PE,,
All PGCSpecifications,All PGCSpecifications,pgcspecification,,all,PE,,
To view the PGCSpecification objects,To view the PGCSpecification objects,pgcspecification,,view,PE,,
To create the PGCSpecification objects,To create the PGCSpecification objects,pgcspecification,,create,PE,,
To edit the PGCSpecification objects,To edit the PGCSpecification objects,pgcspecification,,edit,PE,,
To delete the PGCSpecification objects,To delete the PGCSpecification objects,pgcspecification,,delete,PE,,
All PGCDeclarations,All PGCDeclarations,pgcdeclaration,,all,PE,,
To view the PGCDeclaration objects,To view the PGCDeclaration objects,pgcdeclaration,,view,PE,,
To create the PGCDeclaration objects,To create the PGCDeclaration objects,pgcdeclaration,,create,PE,,
To edit the PGCDeclaration objects,To edit the PGCDeclaration objects,pgcdeclaration,,edit,PE,,
To delete the PGCDeclaration objects,To delete the PGCDeclaration objects,pgcdeclaration,,delete,PE,,
All PLMWorkflows,All PLMWorkflows,plmworkflow,,all,PLATFORM,,
To view the PLMWorkflow objects,To view the PLMWorkflow objects,plmworkflow,,view,PLATFORM,,
To create the PLMWorkflow objects,To create the PLMWorkflow objects,plmworkflow,,create,PLATFORM,,
To edit the PLMWorkflow objects,To edit the PLMWorkflow objects,plmworkflow,,edit,PLATFORM,,
To delete the PLMWorkflow objects,To delete the PLMWorkflow objects,plmworkflow,,delete,PLATFORM,,
All plmworkflowdefinition,All plmworkflowdefinition,plmworkflowdefinition,,all,PLATFORM,,
To view the plmworkflowdefinition objects,To view the plmworkflowdefinition objects,plmworkflowdefinition,,view,PLATFORM,,
To create the plmworkflowdefinition objects,To create the plmworkflowdefinition objects,plmworkflowdefinition,,create,PLATFORM,,
To edit the plmworkflowdefinition objects,To edit the plmworkflowdefinition objects,plmworkflowdefinition,,edit,PLATFORM,,
To delete the plmworkflowdefinition objects,To delete the plmworkflowdefinition objects,plmworkflowdefinition,,delete,PLATFORM,,
All itemtype Classification,All itemtype Classification,itemtype,,all,PE,,
To view the itemtype Classification objects,To view the itemtype Classification objects,itemtype,,view,PE,,
To create the itemtype Classification objects,To create the itemtype Classification objects,itemtype,,create,PE,,
To edit the itemtype Classification objects,To edit the itemtype Classification objects,itemtype,,edit,PE,,
To delete the itemtype Classification objects,To delete the itemtype Classification objects,itemtype,,delete,PE,,
All changetype Classification,All changetype Classification,changetype,,all,PE,,
To view the changetype Classification objects,To view the changetype Classification objects,changetype,,view,PE,,
To create the changetype Classification objects,To create the changetype Classification objects,changetype,,create,PE,,
To edit the changetype Classification objects,To edit the changetype Classification objects,changetype,,edit,PE,,
To delete the changetype Classification objects,To delete the changetype Classification objects,changetype,,delete,PE,,
All ecotype Classification,All ecotype Classification,ecotype,,all,PE,,
To view the ecotype Classification objects,To view the ecotype Classification objects,ecotype,,view,PE,,
To create the ecotype Classification objects,To create the ecotype Classification objects,ecotype,,create,PE,,
To edit the ecotype Classification objects,To edit the ecotype Classification objects,ecotype,,edit,PE,,
To delete the ecotype Classification objects,To delete the ecotype Classification objects,ecotype,,delete,PE,,
All ecrtype Classification,All ecrtype Classification,ecrtype,,all,PE,,
To view the ecrtype Classification objects,To view the ecrtype Classification objects,ecrtype,,view,PE,,
To create the ecrtype Classification objects,To create the ecrtype Classification objects,ecrtype,,create,PE,,
To edit the ecrtype Classification objects,To edit the ecrtype Classification objects,ecrtype,,edit,PE,,
To delete the ecrtype Classification objects,To delete the ecrtype Classification objects,ecrtype,,delete,PE,,
All dcotype Classification,All dcotype Classification,dcotype,,all,PE,,
To view the dcotype Classification objects,To view the dcotype Classification objects,dcotype,,view,PE,,
To create the dcotype Classification objects,To create the dcotype Classification objects,dcotype,,create,PE,,
To edit the dcotype Classification objects,To edit the dcotype Classification objects,dcotype,,edit,PE,,
To delete the dcotype Classification objects,To delete the dcotype Classification objects,dcotype,,delete,PE,,
All dcrtype Classification,All dcrtype Classification,dcrtype,,all,PE,,
To view the dcrtype Classification objects,To view the dcrtype Classification objects,dcrtype,,view,PE,,
To create the dcrtype Classification objects,To create the dcrtype Classification objects,dcrtype,,create,PE,,
To edit the dcrtype Classification objects,To edit the dcrtype Classification objects,dcrtype,,edit,PE,,
To delete the dcrtype Classification objects,To delete the dcrtype Classification objects,dcrtype,,delete,PE,,
All mcotype Classification,All mcotype Classification,mcotype,,all,PM,,
To view the mcotype Classification objects,To view the mcotype Classification objects,mcotype,,view,PM,,
To create the mcotype Classification objects,To create the mcotype Classification objects,mcotype,,create,PM,,
To edit the mcotype Classification objects,To edit the mcotype Classification objects,mcotype,,edit,PM,,
To delete the mcotype Classification objects,To delete the mcotype Classification objects,mcotype,,delete,PM,,
All deviationtype Classification,All deviationtype Classification,deviationtype,,all,PM,,
To view the deviationtype Classification objects,To view the deviationtype Classification objects,deviationtype,,view,PM,,
To create the deviationtype Classification objects,To create the deviationtype Classification objects,deviationtype,,create,PM,,
To edit the deviationtype Classification objects,To edit the deviationtype Classification objects,deviationtype,,edit,PM,,
To delete the deviationtype Classification objects,To delete the deviationtype Classification objects,deviationtype,,delete,PM,,
All waivertype Classification,All waivertype Classification,waivertype,,all,PM,,
To view the waivertype Classification objects,To view the waivertype Classification objects,waivertype,,view,PM,,
To create the waivertype Classification objects,To create the waivertype Classification objects,waivertype,,create,PM,,
To edit the waivertype Classification objects,To edit the waivertype Classification objects,waivertype,,edit,PM,,
To delete the waivertype Classification objects,To delete the waivertype Classification objects,waivertype,,delete,PM,,
All qualitytype Classification,All qualitytype Classification,quality_type,,all,PQ,,
To view the qualitytype Classification objects,To view the qualitytype Classification objects,quality_type,,view,PQ,,
To create the qualitytype Classification objects,To create the qualitytype Classification objects,quality_type,,create,PQ,,
To edit the qualitytype Classification objects,To edit the qualitytype Classification objects,quality_type,,edit,PQ,,
To delete the qualitytype Classification objects,To delete the qualitytype Classification objects,quality_type,,delete,PQ,,
All InspectionPlan types Classification,All InspectionPlan types Classification,inspectionplantype,,all,PQ,,
To view the InspectionPlan type Classification objects,To view the InspectionPlan type Classification objects,inspectionplantype,,view,PQ,,
To create the InspectionPlan type Classification objects,To create the InspectionPlan type Classification objects,inspectionplantype,,create,PQ,,
To edit the InspectionPlan type Classification objects,To edit the InspectionPlan type Classification objects,inspectionplantype,,edit,PQ,,
To delete the InspectionPlan type Classification objects,To delete the InspectionPlan type Classification objects,inspectionplantype,,delete,PQ,,
All ProductionOrder types Classification,All ProductionOrder types Classification,productionordertype,,all,PM,,
To view the ProductionOrder type Classification objects,To view the ProductionOrder type Classification objects,productionordertype,,view,PM,,
To create the ProductionOrder type Classification objects,To create the ProductionOrder type Classification objects,productionordertype,,create,PM,,
To edit the ProductionOrder type Classification objects,To edit the ProductionOrder type Classification objects,productionordertype,,edit,PM,,
To delete the ProductionOrder type Classification objects,To delete the ProductionOrder type Classification objects,productionordertype,,delete,PM,,
All MaterialOrder types Classification,All MaterialOrder types Classification,materialordertype,,all,PM,,
To view the MaterialOrder type Classification objects,To view the MaterialOrder type Classification objects,materialordertype,,view,PM,,
To create the MaterialOrder type Classification objects,To create the MaterialOrder type Classification objects,materialordertype,,create,PM,,
To edit the MaterialOrder type Classification objects,To edit the MaterialOrder type Classification objects,materialordertype,,edit,PM,,
To delete the MaterialOrder type Classification objects,To delete the MaterialOrder type Classification objects,materialordertype,,delete,PM,,
All PR types Classification,All PR types Classification,prtype,,all,PQ,,
To view the PR type Classification objects,To view the PR type Classification objects,prtype,,view,PQ,,
To create the PR type Classification objects,To create the PR type Classification objects,prtype,,create,PQ,,
To edit the PR type Classification objects,To edit the PR type Classification objects,prtype,,edit,PQ,,
To delete the PR type Classification objects,To delete the PR type Classification objects,prtype,,delete,PQ,,
All NCR types Classification,All NCR types Classification,ncrtype,,all,PQ,,
To view the NCR type Classification objects,To view the NCR type Classification objects,ncrtype,,view,PQ,,
To create the NCR type Classification objects,To create the NCR type Classification objects,ncrtype,,create,PQ,,
To edit the NCR type Classification objects,To edit the NCR type Classification objects,ncrtype,,edit,PQ,,
To delete the NCR type Classification objects,To delete the NCR type Classification objects,ncrtype,,delete,PQ,,
All QCR types Classification,All QCR types Classification,qcrtype,,all,PQ,,
To view the QCR type Classification objects,To view the QCR type Classification objects,qcrtype,,view,PQ,,
To create the QCR type Classification objects,To create the QCR type Classification objects,qcrtype,,create,PQ,,
To edit the QCR type Classification objects,To edit the QCR type Classification objects,qcrtype,,edit,PQ,,
To delete the QCR type Classification objects,To delete the QCR type Classification objects,qcrtype,,delete,PQ,,
All Requirement types Classification,All Requirement types Classification,requirementtype,,all,PE,,
To view the Requirement type Classification objects,To view the Requirement type Classification objects,requirementtype,,view,PE,,
To create the Requirement type Classification objects,To create the Requirement type Classification objects,requirementtype,,create,PE,,
To edit the Requirement type Classification objects,To edit the Requirement type Classification objects,requirementtype,,edit,PE,,
To delete the Requirement type Classification objects,To delete the Requirement type Classification objects,requirementtype,,delete,PE,,
All Requirement Document types Classification,All Requirement Document types Classification,requirementdocumenttype,,all,PE,,
To view the Requirement Document type Classification objects,To view the Requirement Document type Classification objects,requirementdocumenttype,,view,PE,,
To create the Requirement Document type Classification objects,To create the Requirement Document type Classification objects,requirementdocumenttype,,create,PE,,
To edit the Requirement Document type Classification objects,To edit the Requirement Document type Classification objects,requirementdocumenttype,,edit,PE,,
To delete the Requirement Document type Classification objects,To delete the Requirement Document type Classification objects,requirementdocumenttype,,delete,PE,,
All Plant types Classification,All Plant types Classification,planttype,,all,PM,,
To view the Plant type Classification objects,To view the Plant type Classification objects,planttype,,view,PM,,
To create the Plant type Classification objects,To create the Plant type Classification objects,planttype,,create,PM,,
To edit the Plant type Classification objects,To edit the Plant type Classification objects,planttype,,edit,PM,,
To delete the Plant type Classification objects,To delete the Plant type Classification objects,planttype,,delete,PM,,
All WorkCenter types Classification,All WorkCenter types Classification,workcentertype,,all,PM,,
To view the WorkCenter type Classification objects,To view the WorkCenter type Classification objects,workcentertype,,view,PM,,
To create the WorkCenter type Classification objects,To create the WorkCenter type Classification objects,workcentertype,,create,PM,,
To edit the WorkCenter type Classification objects,To edit the WorkCenter type Classification objects,workcentertype,,edit,PM,,
To delete the WorkCenter type Classification objects,To delete the WorkCenter type Classification objects,workcentertype,,delete,PM,,
All Machine types Classification,All Machine types Classification,machinetype,,all,PM,,
To view the Machine type Classification objects,To view the Machine type Classification objects,machinetype,,view,PM,,
To create the Machine type Classification objects,To create the Machine type Classification objects,machinetype,,create,PM,,
To edit the Machine type Classification objects,To edit the Machine type Classification objects,machinetype,,edit,PM,,
To delete the Machine type Classification objects,To delete the Machine type Classification objects,machinetype,,delete,PM,,
All Equipment types Classification,All Equipment types Classification,equipmenttype,,all,PM,,
To view the Equipment type Classification objects,To view the Equipment type Classification objects,equipmenttype,,view,PM,,
To create the Equipment type Classification objects,To create the Equipment type Classification objects,equipmenttype,,create,PM,,
To edit the Equipment type Classification objects,To edit the Equipment type Classification objects,equipmenttype,,edit,PM,,
To delete the Equipment type Classification objects,To delete the Equipment type Classification objects,equipmenttype,,delete,PM,,
All Instrument types Classification,All Instrument types Classification,instrumenttype,,all,PM,,
To view the Instrument type Classification objects,To view the Instrument type Classification objects,instrumenttype,,view,PM,,
To create the Instrument type Classification objects,To create the Instrument type Classification objects,instrumenttype,,create,PM,,
To edit the Instrument type Classification objects,To edit the Instrument type Classification objects,instrumenttype,,edit,PM,,
To delete the Instrument type Classification objects,To delete the Instrument type Classification objects,instrumenttype,,delete,PM,,
All Tool types Classification,All Tool types Classification objects,tooltype,,all,PM,,
To view the Tool type Classification objects,To view the Tool type Classification objects,tooltype,,view,PM,,
To create the Tool type Classification objects,To create the Tool type Classification objects,tooltype,,create,PM,,
To edit the Tool type Classification objects,To edit the Tool type Classification objects,tooltype,,edit,PM,,
To delete the Tool type Classification objects,To delete the Tool type Classification objects,tooltype,,delete,PM,,
All JigFixture types Classification,All JigFixture types Classification,jigfixturetype,,all,PM,,
To view the JigFixture type Classification objects,To view the JigFixture type Classification objects,jigfixturetype,,view,PM,,
To create the JigFixture type Classification objects,To create the JigFixture type Classification objects,jigfixturetype,,create,PM,,
To edit the JigFixture type Classification objects,To edit the JigFixture type Classification objects,jigfixturetype,,edit,PM,,
To delete the JigFixture type Classification objects,To delete the JigFixture type Classification objects,jigfixturetype,,delete,PM,,
All Material types Classification,All Material types Classification,materialtype,,all,PM,,
To view the Material type Classification objects,To view the Material type Classification objects,materialtype,,view,PM,,
To create the Material type Classification objects,To create the Material type Classification objects,materialtype,,create,PM,,
To edit the Material type Classification objects,To edit the Material type Classification objects,materialtype,,edit,PM,,
To delete the Material type Classification objects,To delete the Material type Classification objects,materialtype,,delete,PM,,
All Manpower types Classification,All Manpower types Classification,manpowertype,,all,PM,,
To view the Manpower type Classification objects,To view the Manpower type Classification objects,manpowertype,,view,PM,,
To create the Manpower type Classification objects,To create the Manpower type Classification objects,manpowertype,,create,PM,,
To edit the Manpower type Classification objects,To edit the Manpower type Classification objects,manpowertype,,edit,PM,,
To delete the Manpower type Classification objects,To delete the Manpower type Classification objects,manpowertype,,delete,PM,,
All Operation types Classification,All Operation types Classification,operationtype,,all,PM,,
To view the Operation type Classification objects,To view the Operation type Classification objects,operationtype,,view,PM,,
To create the Operation type Classification objects,To create the Operation type Classification objects,operationtype,,create,PM,,
To edit the Operation type Classification objects,To edit the Operation type Classification objects,operationtype,,edit,PM,,
To delete the Operation type Classification objects,To delete the Operation type Classification objects,operationtype,,delete,PM,,
All ProductionOrder types Classification,All ProductionOrder types Classification,productionordertype,,all,PM,,
To view the ProductionOrder type Classification objects,To view the ProductionOrder type Classification objects,productionordertype,,view,PM,,
To create the ProductionOrder type Classification objects,To create the ProductionOrder type Classification objects,productionordertype,,create,PM,,
To edit the ProductionOrder type Classification objects,To edit the ProductionOrder type Classification objects,productionordertype,,edit,PM,,
To delete the ProductionOrder type Classification objects,To delete the ProductionOrder type Classification objects,productionordertype,,delete,PM,,
All ServiceOrder types Classification,All ServiceOrder types Classification,serviceordertype,,all,PS,,
To view the ServiceOrder type Classification objects,To view the ServiceOrder type Classification objects,serviceordertype,,view,PS,,
To create the ServiceOrder type Classification objects,To create the ServiceOrder type Classification objects,serviceordertype,,create,PS,,
To edit the ServiceOrder type Classification objects,To edit the ServiceOrder type Classification objects,serviceordertype,,edit,PS,,
To delete the ServiceOrder type Classification objects,To delete the ServiceOrder type Classification objects,serviceordertype,,delete,PS,,
All Asset types Classification,All Asset types Classification,assettype,,all,PM,,
To view the Asset type Classification objects,To view the Asset type Classification objects,assettype,,view,PM,,
To create the Asset type Classification objects,To create the Asset type Classification objects,assettype,,create,PM,,
To edit the Asset type Classification objects,To edit the Asset type Classification objects,assettype,,edit,PM,,
To delete the Asset type Classification objects,To delete the Asset type Classification objects,assettype,,delete,PM,,
All Meter types Classification,All Meter types Classification,metertype,,all,PM,,
To view the Meter type Classification objects,To view the Meter type Classification objects,metertype,,view,PM,,
To create the Meter type Classification objects,To create the Meter type Classification objects,metertype,,create,PM,,
To edit the Meter type Classification objects,To edit the Meter type Classification objects,metertype,,edit,PM,,
To delete the Meter type Classification objects,To delete the Meter type Classification objects,metertype,,delete,PM,,
All SparePart types Classification,All SparePart types Classification,spareparttype,,all,PM,,
To view the SparePart type Classification objects,To view the SparePart type Classification objects,spareparttype,,view,PM,,
To create the SparePart type Classification objects,To create the SparePart type Classification objects,spareparttype,,create,PM,,
To edit the SparePart type Classification objects,To edit the SparePart type Classification objects,spareparttype,,edit,PM,,
To delete the SparePart type Classification objects,To delete the SparePart type Classification objects,spareparttype,,delete,PM,,
All WorkRequest types Classification,All WorkRequest types Classification,workrequesttype,,all,PM,,
To view the WorkRequest type Classification objects,To view the WorkRequest type Classification objects,workrequesttype,,view,PM,,
To create the WorkRequest type Classification objects,To create the WorkRequest type Classification objects,workrequesttype,,create,PM,,
To edit the WorkRequest type Classification objects,To edit the WorkRequest type Classification objects,workrequesttype,,edit,PM,,
To delete the WorkRequest type Classification objects,To delete the WorkRequest type Classification objects,workrequesttype,,delete,PM,,
All WorkOrder types Classification,All WorkOrder types Classification,workordertype,,all,PM,,
To view the WorkOrder type Classification objects,To view the WorkOrder type Classification objects,workordertype,,view,PM,,
To create the WorkOrder type Classification objects,To create the WorkOrder type Classification objects,workordertype,,create,PM,,
To edit the WorkOrder type Classification objects,To edit the WorkOrder type Classification objects,workordertype,,edit,PM,,
To delete the WorkOrder type Classification objects,To delete the WorkOrder type Classification objects,workordertype,,delete,PM,,
All Manufacturer types Classification,All Manufacturer types Classification,manufacturertype,,all,PM,,
To view the Manufacturer type Classification objects,To view the Manufacturer type Classification objects,manufacturertype,,view,PM,,
To create the Manufacturer type Classification objects,To create the Manufacturer type Classification objects,manufacturertype,,create,PM,,
To edit the Manufacturer type Classification objects,To edit the Manufacturer type Classification objects,manufacturertype,,edit,PM,,
To delete the Manufacturer type Classification objects,To delete the Manufacturer type Classification objects,manufacturertype,,delete,PM,,
All Manufacturerpart types Classification,All Manufacturerpart types Classification,manufacturerparttype,,all,PM,,
To view the Manufacturerpart type Classification objects,To view the Manufacturerpart type Classification objects,manufacturerparttype,,view,PM,,
To create the Manufacturerpart type Classification objects,To create the Manufacturerpart type Classification objects,manufacturerparttype,,create,PM,,
To edit the Manufacturerpart type Classification objects,To edit the Manufacturerpart type Classification objects,manufacturerparttype,,edit,PM,,
To delete the Manufacturerpart type Classification objects,To delete the Manufacturerpart type Classification objects,manufacturerparttype,,delete,PM,,
All Supplier types Classification,All Supplier type Classification,suppliertype,,all,PM,,
To view the Supplier type Classification objects,To view the Supplier type Classification objects,suppliertype,,view,PM,,
To create the Supplier type Classification objects,To create the Supplier type Classification objects,suppliertype,,create,PM,,
To edit the Supplier type Classification objects,To edit the Supplier type Classification objects,suppliertype,,edit,PM,,
To delete the Supplier type Classification objects,To delete the Supplier type Classification objects,suppliertype,,delete,PM,,
All PGCSubstance types Classification,All PGCSubstance types Classification,pgcsubstancetype,,all,PE,,
To view the PGCSubstance type Classification objects,To view the PGCSubstance type Classification objects,pgcsubstancetype,,view,PE,,
To create the PGCSubstance type Classification objects,To create the PGCSubstance type Classification objects,pgcsubstancetype,,create,PE,,
To edit the PGCSubstance type Classification objects,To edit the PGCSubstance type Classification objects,pgcsubstancetype,,edit,PE,,
To delete the PGCSubstance type Classification objects,To delete the PGCSubstance type Classification objects,pgcsubstancetype,,delete,PE,,
All PGCSpecification types Classification,All PGCSpecification type Classification,pgcspecificationtype,,all,PE,,
To view the PGCSpecification type Classification objects,To view the PGCSpecification type Classification objects,pgcspecificationtype,,view,PE,,
To create the PGCSpecification type Classification objects,To create the PGCSpecification type Classification objects,pgcspecificationtype,,create,PE,,
To edit the PGCSpecification type Classification objects,To edit the PGCSpecification type Classification objects,pgcspecificationtype,,edit,PE,,
To delete the PGCSpecification type Classification objects,To delete the PGCSpecification type Classification objects,pgcspecificationtype,,delete,PE,,
All PGCDeclaration types Classification,All PGCDeclaration types Classification,pgcdeclarationtype,,all,PE,,
To view the PGCDeclaration type Classification objects,To view the PGCDeclaration type Classification objects,pgcdeclarationtype,,view,PE,,
To create the PGCDeclaration type Classification objects,To create the PGCDeclaration type Classification objects,pgcdeclarationtype,,create,PE,,
To edit the PGCDeclaration type Classification objects,To edit the PGCDeclaration type Classification objects,pgcdeclarationtype,,edit,PE,,
To delete the PGCDeclaration type Classification objects,To delete the PGCDeclaration type Classification objects,pgcdeclarationtype,,delete,PE,,
All Workflow types Classification,All Workflow types Classification,workflowtype,,all,PLATFORM,,
To view the Workflow type Classification objects,To view the Workflow type Classification objects,workflowtype,,view,PLATFORM,,
To create the Workflow type Classification objects,To create the Workflow type Classification objects,workflowtype,,create,PLATFORM,,
To edit the Workflow type Classification objects,To edit the Workflow type Classification objects,workflowtype,,edit,PLATFORM,,
To delete the Workflow type Classification objects,To delete the Workflow type Classification objects,workflowtype,,delete,PLATFORM,,
All Saved Search,All Saved Search,savedsearch,,all,PLATFORM,,
To view the Saved Search objects,To view the Saved Search objects,savedsearch,,view,PLATFORM,,
To create the Saved Search objects,To create the Saved Search objects,savedsearch,,create,PLATFORM,,
To edit the Saved Search objects,To edit the Saved Search objects,savedsearch,,edit,PLATFORM,,
To delete the Saved Search objects,To delete the Saved Search objects,savedsearch,,delete,PLATFORM,,
All Folders,All Folders,folder,,all,PLATFORM,,
To view the Folder objects,To view the Folder objects,folder,,view,PLATFORM,,
To create the Folder objects,To create the Folder objects,folder,,create,PLATFORM,,
To edit the Folder objects,To edit the Folder objects,folder,,edit,PLATFORM,,
To delete the Folder objects,To delete the Folder objects,folder,,delete,PLATFORM,,
To View all objects,To View all objects,any,,view,PLATFORM,,
All Files,All Files,file,,all,PLATFORM,,
To Add Files,To Add Files,file,,create,PLATFORM,,
To Edit File,To Edit File,file,,edit,PLATFORM,,
To Rename File,To Rename File,file,,rename,PLATFORM,,
To Delete File,To Delete File,file,,delete,PLATFORM,,
To Download File,To Download File,file,,download,PLATFORM,,
To Download Document,To Download Document,document,,download,PLATFORM,,
To Preview Document,To Preview Document,document,,preview,PLATFORM,,
To Preview File,To Preview File,file,,preview,PLATFORM,,
To Replace File,To Replace File,file,,replace,PLATFORM,,
All Related items,All Related items,relateditem,,all,PE,,
To Add Related items,All Related items,relateditem,,create,PE,,
To Delete Related items,To Delete Related items,relateditem,,delete,PE,,
All BOM Operations,All BOM Operations,itembom,,all,PE,,
To Add BOM Item,To Add BOM Item,itembom,,create,PE,,
To Edit BOM Item,To Edit BOM Item,itembom,,edit,PE,,
To Delete BOM Item,To Delete BOM Item,itembom,,delete,PE,,
To Promote Item,To Promote Item,item,,promote,PE,,
To Demote Item,To Demote Item,item,,demote,PE,,
To Promote Workflow Definition,To Promote Workflow Definition,plmworkflowdefinition,,promote,PLATFORM,,
To Demote Workflow Definition,To Demote Workflow Definition,plmworkflowdefinition,,demote,PLATFORM,,
To Promote Manufacturer,To Promote Manufacturer,manufacturer,,promote,PM,,
To Demote Manufacturer,To Demote Manufacturer,manufacturer,,demote,PM,,
To Promote Manufacturer Part,To Promote Manufacturer,manufacturerpart,,promote,PM,,
To Demote Manufacturer Part,To Demote Manufacturer,manufacturerpart,,demote,PM,,
To Promote Supplier,To Promote supplier,mfrsupplier,,promote,PM,,
To Demote Supplier,To Demote supplier,mfrsupplier,,demote,PM,,
To Promote Work Request,To Promote Work Request,mroworkrequest,,promote,PM,,
To Demote Work Request,To Demote Work Request,mroworkrequest,,demote,PM,,
To Promote Work Order,To Promote Item,mroworkorder,,promote,PM,,
To Demote Work Order,To Demote Item,mroworkorder,,demote,PM,,
All Assembly Lines,All Assembly Lines,assemblyline,,all,PM,,
To view the Assembly Lines objects,To view the Assembly Lines objects,assemblyline,,view,PM,,
To create the Assembly Lines objects,To create the Assembly Lines objects,assemblyline,,create,PM,,
To edit the Assembly Lines objects,To edit the Assembly Lines objects,assemblyline,,edit,PM,,
To delete the Assembly Lines objects,To delete the Assembly Lines objects,assemblyline,,delete,PM,,
All Assembly Line types Classification,All Assembly Line types Classification,assemblylinetype,,all,PM,,
To view the Assembly Line type Classification objects,To view the Assembly Line type Classification objects,assemblylinetype,,view,PM,,
To create the Assembly Line type Classification objects,To create the Assembly Line type Classification objects,assemblylinetype,,create,PM,,
To edit the Assembly Line type Classification objects,To edit the Assembly Line type Classification objects,assemblylinetype,,edit,PM,,
To delete the Assembly Line type Classification objects,To delete the Assembly Line type Classification objects,assemblylinetype,,delete,PM,,
All Project Templates,All Project Templates,template,,all,PE,,
To view the Project Template objects,To view the Project Template objects,template,,view,PE,,
To create the Project Template objects,To create the Project Template objects,template,,create,PE,,
To edit the Project Template objects,To edit the Project Template objects,template,,edit,PE,,
To delete the Project Template objects,To delete the Project Template objects,template,,delete,PE,,
All PM objects types,All PM objects types,pmobjecttype,,all,PE,,
To view the PM objects type objects,To view the PM objects type objects,pmobjecttype,,view,PE,,
To create the PM objects type objects,To create the PM objects type objects,pmobjecttype,,create,PE,,
To edit the PM objects type objects,To edit the PM objects type objects,pmobjecttype,,edit,PE,,
To delete the PM objects type objects,To delete the PM objects type objects,pmobjecttype,,delete,PE,,
All PDM objects,All PDM objects,pdmobject,,all,PE,,
All PDM vault objects,All PDM vault objects,pdm_vault,,all,PE,,
To view the PDM vault objects,To view the PDM vault objects,pdm_vault,,view,PE,,
To create the PDM vault objects,To create the PDM vault objects,pdm_vault,,create,PE,,
To edit the PDM vault objects,To edit the PDM vault objects,pdm_vault,,edit,PE,,
To delete the PDM vault objects,To delete the PDM vault objects,pdm_vault,,delete,PE,,
All PDM folder objects,All PDM folder objects,pdm_folder,,all,PE,,
To view the PDM folder objects,To view the PDM folder objects,pdm_folder,,view,PE,,
To create the PDM folder objects,To create the PDM folder objects,pdm_folder,,create,PE,,
To edit the PDM folder objects,To edit the PDM folder objects,pdm_folder,,edit,PE,,
To delete the PDM folder objects,To delete the PDM folder objects,pdm_folder,,delete,PE,,
All PDM file objects,All PDM file objects,pdm_file,,all,PE,,
To view the PDM file objects,To view the PDM file objects,pdm_file,,view,PE,,
To add the PDM file objects,To add the PDM file objects,pdm_file,,create,PE,,
To edit the PDM file objects,To edit the PDM file objects,pdm_file,,edit,PE,,
To delete the PDM file objects,To delete the PDM file objects,pdm_file,,delete,PE,,
To check in the PDM file objects,To check in the PDM file objects,pdm_file,,checkin,PE,,
To check out the PDM file objects,To check out the PDM file objects,pdm_file,,checkout,PE,,
All PDM file version objects,All PDM file version objects,pdm_fileversion,,all,PE,,
To view the PDM file version objects,To view the PDM file version objects,pdm_fileversion,,view,PE,,
To create the PDM file version objects,To create the PDM file version objects,pdm_fileversion,,create,PE,,
To edit the PDM file version objects,To edit the PDM file version objects,pdm_fileversion,,edit,PE,,
To delete the PDM file version objects,To delete the PDM file objects,pdm_fileversion,,delete,PE,,
To check in the PDM file version objects,To check in the PDM file version objects,pdm_fileversion,,checkin,PE,,
To check out the PDM file version objects,To check out the PDM file version objects,pdm_fileversion,,checkout,PE,,
All PDM commit objects,All PDM commit objects,pdm_commit,,all,PE,,
To view the PDM commit objects,To view the PDM commit objects,pdm_commit,,view,PE,,
To create the PDM commit objects,To create the PDM commit objects ,pdm_commit,,create,PE,,
To edit the PDM commit objects,To edit the PDM commit objects,pdm_commit,,edit,PE,,
To delete the PDM commit objects,To delete the PDM commit objects,pdm_commit,,delete,PE,,
All PDM assembly objects,All PDM assembly objects,pdm_assembly,,all,PE,,
To view the PDM assembly objects,To view the PDM assembly objects,pdm_assembly,,view,PE,,
To create the PDM assembly objects,To create the PDM assembly objects,pdm_assembly,,create,PE,,
To edit the PDM assembly objects,To edit the PDM assembly objects,pdm_assembly,,edit,PE,,
To delete the PDM assembly objects,To delete the PDM assembly objects,pdm_assembly,,delete,PE,,
To check in the PDM assembly objects,To check in the PDM assembly objects,pdm_assembly,,checkin,PE,,
To check out the PDM assembly objects,To check out the PDM assembly objects,pdm_assembly,,checkout,PE,,
All PDM part objects,All PDM part objects,pdm_part,,all,PE,,
To view the PDM part objects,To view the PDM part objects,pdm_part,,view,PE,,
To create the PDM part objects,To create the PDM part objects,pdm_part,,create,PE,,
To edit the PDM part objects,To edit the PDM part objects,pdm_part,,edit,PE,,
To delete the PDM part objects,To delete the PDM part objects,pdm_part,,delete,PE,,
To check in the PDM part objects,To check in the PDM part objects,pdm_part,,checkin,PE,,
To check out the PDM part objects,To check out the PDM part objects,pdm_part,,checkout,PE,,
All PDM drawing objects,All PDM drawing objects,pdm_drawing,,all,PE,,
To view the PDM drawing objects,To view the PDM drawing objects,pdm_drawing,,view,PE,,
To create the PDM drawing objects,To create the PDM drawing objects,pdm_drawing,,create,PE,,
To edit the PDM drawing objects,To edit the PDM drawing objects,pdm_drawing,,edit,PE,,
To delete the PDM drawing objects,To delete the PDM drawing objects,pdm_drawing,,delete,PE,,
To check in the PDM drawing objects,To check in the PDM drawing objects,pdm_drawing,,checkin,PE,,
To check out the PDM drawing objects,To check out the PDM drawing objects,pdm_drawing,,checkout,PE,,
All Custom objects,All Custom objects,customobject,,all,PE,,
To view the Custom objects,To view the Custom objects,customobject,,view,PE,,
To create the Custom objects,To create Custom objects,customobject,,create,PE,,
To edit the Custom objects,To edit the Custom objects,customobject,,edit,PE,,
To delete the Custom objects,To delete the Custom objects,customobject,,delete,PE,,
All Custom Related  objects,All Custom Related objects,customrelated,,all,PE,,
To add Custom Related objects,To add Custom Related objects,customrelated,,create,PE,,
To edit Custom Related objects,To edit Custom Related objects,customrelated,,edit,PE,,
To delete Custom Related objects,To delete Custom Related objects,customrelated,,delete,PE,,
All Custom BOM objects,All Custom BOM objects,custombom,,all,PE,,
To add Custom BOM objects,To add Custom BOM objects,custombom,,create,PE,,
To edit Custom BOM objects,To edit Custom BOM objects,custombom,,edit,PE,,
To delete Custom BOM objects,To delete Custom BOM objects,custombom,,delete,PE,,
All customtype Classification objects,All customtype Classification objects,customobjecttype,,all,PE,,
To view the customtype Classification objects,To view the customtype Classification objects,customobjecttype,,view,PE,,
To create the customtype Classification objects,To create the customtype Classification objects,customobjecttype,,create,PE,,
To edit the customtype Classification objects,To edit the customtype Classification objects,customobjecttype,,edit,PE,,
To delete the customtype Classification objects,To delete the customtype Classification objects,customobjecttype,,delete,PE,,
To Edit Activity Files,To Edit Activity Files,projectactivity,file,edit,PE,,
To Edit Task Files,To Edit Task Files,projecttask,file,edit,PE,,
ECRs ,To view ECR from Home Widgets,homewidget,ecr,view,PE,,
New ECR,To create New ECR from Home Widgets,homewidget,ecr,create,PE,,
DCRs,To view DCR from Home Widgets,homewidget,dcr,view,PE,,
New DCR,To create New DCR from Home Widgets,homewidget,dcr,create,PE,,
ECOs,To view ECO from Home Widgets,homewidget,eco,view,PE,,
New ECO,To create New ECO from Home Widgets,homewidget,eco,create,PE,,
DCOs,To view DCO from Home Widgets,homewidget,dco,view,PE,,
New DCO ,To create New DCO from Home Widgets,homewidget,dco,create,PE,,
MCOs,To view MCO from Home Widgets,homewidget,mco,view,PE,,
New MCO,To create New MCO from Home Widgets,homewidget,mco,create,PE,,
Items,To view Items from Home Widgets,homewidget,item,view,PE,,
New Item,To create New Item from Home Widgets,homewidget,item,create,PE,,
Manufacturer Parts,To view Manufacturer Parts from Home Widgets,homewidget,manufacturerpart,view,PM,,
New Manufacturer Part ,To create New Manufacturer Part from Home Widgets,homewidget,manufacturerpart,create,PM,,
Substances,To view Substances from Home Widgets,homewidget,pgcsubstance,view,PE,,
New Substance,To create New Substance from Home Widgets,homewidget,pgcsubstance,create,PE,,
Specifications,To view Specifications from Home Widgets,homewidget,pgcspecification,view,PE,,
New Specification,To create New Specification from Home Widgets,homewidget,pgcspecification,create,PE,,
Declarations,To view Declarations from Home Widgets,homewidget,pgcdeclaration,view,PE,,
New Declaration,To create New Declaration from Home Widgets,homewidget,pgcdeclaration,create,PE,,
Assets ,To view Assets from Home Widgets,homewidget,mroasset,view,PM,,
New Asset,To create New Asset from Home Widgets,homewidget,mroasset,create,PM,,
Meters ,To view Meters from Home Widgets,homewidget,mrometer,view,PM,,
New Meter,To create New Meter from Home Widgets,homewidget,mrometer,create,PM,,
Spare Parts ,To view Spare Parts from Home Widgets,homewidget,mrosparepart,view,PM,,
New Spare Part,To create New Spare Part from Home Widgets,homewidget,mrosparepart,create,PM,,
Work Requests,To view Work Requests from Home Widgets,homewidget,mroworkrequest,view,PM,,
New Work Request ,To create New Work Request from Home Widgets,homewidget,mroworkrequest,create,PM,,
Work Orders,To view Work Orders from Home Widgets,homewidget,mroworkorder,view,PM,,
New Work Order,To create New Work Order from Home Widgets,homewidget,mroworkorder,create,PM,,
Operations,To view Operations from Home Widgets,homewidget,operation,view,PM,,
New Operation,To create New Operation from Home Widgets,homewidget,operation,create,PM,,
Production Orders,To view Production Orders from Home Widgets,homewidget,productionorder,view,PM,,
New Production Order,To create New Production Order from Home Widgets,homewidget,productionorder,create,PM,,
Maintenance Plans,To view Maintenance Plan from Home Widgets,homewidget,mromaintenanceplan,view,PM,,
New Maintenance Plan,To create new maintenance plan from Home Widgets,homewidget,mromaintenanceplan,create,PM,,
PRs,To view PR from Home Widgets,homewidget,problemreport,view,PQ,,
New PR,To create New PR from Home Widgets,homewidget,problemreport,create,PQ,,
QCRs,To view QCR from Home Widgets,homewidget,qcr,view,PQ,,
New QCR,To create New QCR from Home Widgets,homewidget,qcr,create,PQ,,
Projects,To view Projects from Home Widgets,homewidget,project,view,PE,,
New Project,To create New Project from Home Widgets,homewidget,project,create,PE,,
Requirement Documents,To view Requirement Documents from Home Widgets,homewidget,requirementdocument,view,PE,,
New Requirement Document,To create New Requirement Document from Home Widgets,homewidget,requirementdocument,create,PE,,
Inspection Plans,To view Inspection Plans from Home Widgets,homewidget,inspectionplan,view,PQ,,
New Inspection Plan,To create New Inspection Plan from Home Widgets,homewidget,inspectionplan,create,PQ,,
Inspections,To view Inspections  from Home Widgets,homewidget,inspection,view,PQ,,
New Inspection,To create New Inspection from Home Widgets,homewidget,inspection,create,PQ,,
NCRs,To view NCR from Home Widgets,homewidget,ncr,view,PQ,,
New NCR,To create New NCR from Home Widgets,homewidget,ncr,create,PQ,,
PPAPs,To view PPAPs from Home Widgets,homewidget,ppap,view,PQ,,
New PPAP,To create New PPAP from Home Widgets,homewidget,ppap,create,PQ,,
MBOMs,To view MBOMs from Home Widgets,homewidget,mbom,view,PM,,
New MBOM,To create New MBOM from Home Widgets,homewidget,mbom,create,PM,,
Supplier Audits,To view NCR from Home Widgets,homewidget,supplieraudit,view,PQ,,
New Supplier Audit,To create New Supplier Audit from Home Widgets,homewidget,supplieraudit,create,PQ,,
Manufacturers,To view Manufacturers from Home Widgets,homewidget,manufacturer,view,PM,,
New Manufacturer,To create New Manufacturer from Home Widgets,homewidget,manufacturer,create,PM,,
Suppliers,To view Suppliers from Home Widgets,homewidget,mfrsupplier,view,PM,,
New Supplier,To create New Supplier from Home Widgets,homewidget,mfrsupplier,create,PM,,
Workflows,To view Workflows from Home Widgets,homewidget,plmworkflow,view,PLATFORM,,
New Workflow,To create New Workflow from Home Widgets,homewidget,plmworkflow,create,PLATFORM,,
Vaults,To view vaults from Home Widgets,homewidget,pdmvault,view,PE,,
New Vault,To create New Vault from Home Widgets,homewidget,pdmvault,create,PE,,
Plants,To view plants from Home Widgets,homewidget,plant,view,PM,,
New Plant,To create New Plant from Home Widgets,homewidget,plant,create,PM,,
Work Centers,To view Work Centers from Home Widgets,homewidget,workcenter,view,PM,,
New Work Center,To create New Work Center from Home Widgets,homewidget,workcenter,create,PM,,
Machines,To view machines from Home Widgets,homewidget,machine,view,PM,,
New Machine,To create New Machine from Home Widgets,homewidget,machine,create,PM,,
Equipments,To view equipments from Home Widgets,homewidget,equipment,view,PM,,
New Equipment,To create New Equipment from Home Widgets,homewidget,equipment,create,PM,,
Instruments,To view instruments from Home Widgets,homewidget,instrument,view,PM,,
New Instrument,To create New Instrument from Home Widgets,homewidget,instrument,create,PM,,
Tools,To view tools from Home Widgets,homewidget,tool,view,PM,,
New Tool,To create New Tool from Home Widgets,homewidget,tool,create,PM,,
Jig & Fixtures,To view Jig & Fixtures from Home Widgets,homewidget,jigfixture,view,PM,,
New Jig & Fixture,To create New Jig & Fixture from Home Widgets,homewidget,jigfixture,create,PM,,
Materials,To view materials from Home Widgets,homewidget,material,view,PM,,
New Material,To create New Material from Home Widgets,homewidget,material,create,PM,,
Manpowers,To view manpowers from Home Widgets,homewidget,manpower,view,PM,,
New Manpower,To create New Manpower from Home Widgets,homewidget,manpower,create,PM,,
Shifts,To view shifts from Home Widgets,homewidget,shift,view,PM,,
New Shift,To create New Shift from Home Widgets,homewidget,shift,create,PM,,
Assembly Lines,To view assembly lines from Home Widgets,homewidget,assemblyline,view,PM,,
New Assembly Line,To create New Assembly Line from Home Widgets,homewidget,assemblyline,create,PM,,
All Documents,All Documents,document,,all,PLATFORM,,
To view the Document objects,To view the Document objects,document,,view,PLATFORM,,
To create the Document objects,To create the Document objects,document,,create,PLATFORM,,
To edit the Document objects,To edit the Document objects,document,,edit,PLATFORM,,
To delete the Document objects,To delete the Document objects,document,,delete,PLATFORM,,
To promote the Document objects,To promote the Document objects,document,,promote,PLATFORM,,
To demote the Document objects,To demote the Document objects,document,,demote,PLATFORM,,
To revise the Document objects,To revise the Document objects,document,,revise,PLATFORM,,
To give permissions to Document objects,To give permissions to Document objects,document,,permission,PLATFORM,,
All Project Activities,All Project Activities,projectactivity,,all,PE,,
To view the Project Activity objects,To view the Project Activity objects,projectactivity,,view,PE,,
To create the Project Activity objects,To create the Project Activity objects,projectactivity,,create,PE,,
To edit the Project Activity objects,To edit the Project Activity objects,projectactivity,,edit,PE,,
To delete the Project Activity objects,To delete the Project Activity objects,projectactivity,,delete,PE,,
All Project tasks,All Project tasks,projecttask,,all,PE,,
To view the Project Task objects,To view the Project Task objects,projecttask,,view,PE,,
To create the Project Task objects,To create the Project Task objects,projecttask,,create,PE,,
To edit the Project Task objects,To edit the Project Task objects,projecttask,,edit,PE,,
To delete the Project Task objects,To delete the Project Task objects,projecttask,,delete,PE,,
To import all objects,To import all objects,all,,import,PLATFORM,,
To export all objects,To export all objects,all,,export,PLATFORM,,
All PPAPs,All PPAPs,ppap,,all,PQ,,
To view the PPAP objects,To view the PPAP objects,ppap,,view,PQ,,
To create the PPAP objects,To create the PPAP objects,ppap,,create,PQ,,
To edit the PPAP objects,To edit the PPAP objects,ppap,,edit,PQ,,
To delete the PPAP objects,To delete the PPAP objects,ppap,,delete,PQ,,
All PPAP types Classification,All PPAP types Classification,ppaptype,,all,PQ,,
To view the PPAP type Classification objects,To view the PPAP type Classification objects,ppaptype,,view,PQ,,
To create the PPAP type Classification objects,To create the PPAP type Classification objects,ppaptype,,create,PQ,,
To edit the PPAP type Classification objects,To edit the PPAP type Classification objects,ppaptype,,edit,PQ,,
To delete the PPAP type Classification objects,To delete the ppaptype Classification objects,ppaptype,,delete,PQ,,
All Supplier Audits,All Supplier Audits,supplieraudit,,all,PQ,,
To view the Supplier Audit objects,To view the Supplier Audit objects,supplieraudit,,view,PQ,,
To create the Supplier Audit objects,To create the Supplier Audit objects,supplieraudit,,create,PQ,,
To edit the Supplier Audit objects,To edit the Supplier Audit objects,supplieraudit,,edit,PQ,,
To delete the Supplier Audit objects,To delete the Supplier Audit objects,supplieraudit,,delete,PQ,,
All Supplier Audit types Classification,All Supplier Audit types Classification,supplieraudittype,,all,PQ,,
To view the Supplier Audit type Classification objects,To view the Supplier Audit type Classification objects,supplieraudittype,,view,PQ,,
To create the Supplier Audit type Classification objects,To create the Supplier Audit type Classification objects,supplieraudittype,,create,PQ,,
To edit the Supplier Audit type Classification objects,To edit the Supplier Audit type Classification objects,supplieraudittype,,edit,PQ,,
To delete the Supplier Audit type Classification objects,To delete the Supplier Audit type Classification objects,supplieraudittype,,delete,PQ,,
All Mfr Part Inspection Reports,All Mfr Part Inspection Reports,mfrpartinspectionreport,,all,PM,,
To view the Mfr Part Inspection Report,To view the Mfr Part Inspection Report,mfrpartinspectionreport,,view,PM,,
To create the Mfr Part Inspection Report,To create the Mfr Part Inspection Report,mfrpartinspectionreport,,create,PM,,
To edit the Mfr Part Inspection Report,To edit the Mfr Part Inspection Report,mfrpartinspectionreport,,edit,PM,,
To delete the Mfr Part Inspection Report,To delete the Mfr Part Inspection Report,mfrpartinspectionreport,,delete,PM,,
To promote the Mfr Part Inspection Report,To promote the Mfr Part Inspection Report,mfrpartinspectionreport,,promote,PM,,
To demote the Mfr Part Inspection Report,To demote the Mfr Part Inspection Report,mfrpartinspectionreport,,demote,PM,,
To Replace Mfr Part Inspection Report,To Replace Mfr Part Inspection Report,mfrpartinspectionreport,,replace,PM,,
To Rename Mfr Part Inspection Report,To Rename Mfr Part Inspection Report,mfrpartinspectionreport,,rename,PM,,
To Sign Off Mfr Part Inspection Report,To Sign Off Mfr Part Inspection Report,mfrpartinspectionreport,,signoff,PM,,
To Download Mfr Part Inspection Report,To Download Mfr Part Inspection Report,mfrpartinspectionreport,,download,PM,,
To Preview Mfr Part Inspection Report,To Preview Mfr Part Inspection Report,mfrpartinspectionreport,,preview,PM,,
To Revise Mfr Part Inspection Report,To Revise Mfr Part Inspection Report,mfrpartinspectionreport,,revise,PM,,
All PPAP Checklists,All PPAP Checklists,ppapchecklist,,all,PQ,,
To view the PPAP Checklist,To view the PPAP Checklist,ppapchecklist,,view,PQ,,
To create the PPAP Checklist,To create the PPAP Checklist,ppapchecklist,,create,PQ,,
To edit the PPAP Checklist,To edit the PPAP Checklist,ppapchecklist,,edit,PQ,,
To delete the PPAP Checklist,To delete the PPAP Checklist,ppapchecklist,,delete,PQ,,
To promote the PPAP Checklist,To promote the PPAP Checklist,ppapchecklist,,promote,PQ,,
To demote the PPAP Checklist,To demote the PPAP Checklist,ppapchecklist,,demote,PQ,,
To Replace PPAP Checklist,To Replace PPAP Checklist,ppapchecklist,,replace,PQ,,
To Rename PPAP Checklist,To Rename PPAP Checklist,ppapchecklist,,rename,PQ,,
To Sign Off PPAP Checklist,To Sign Off PPAP Checklist,ppapchecklist,,signoff,PQ,,
To Download PPAP Checklist,To Download PPAP Checklist,ppapchecklist,,download,PQ,,
To Preview PPAP Checklist,To Preview PPAP Checklist,ppapchecklist,,preview,PQ,,
To Revise PPAP Checklist,To Revise PPAP Checklist,ppapchecklist,,revise,PQ,,
To view the Item Dashboard,To view the Item Dashboard,dashboard,item,view,PE,,
To view the Change Dashboard,To view the Change Dashboard,dashboard,change,view,PE,,
To view the Quality Dashboard,To view the Quality Dashboard,dashboard,quality,view,PQ,,
To view the Project Dashboard,To view the Project Dashboard,dashboard,project,view,PE,,
To view the Workflow Dashboard,To view the Workflow Dashboard,dashboard,workflow,view,PLATFORM,,
To view the Sourcing Dashboard,To view the Sourcing Dashboard,dashboard,sourcing,view,PM,,
All Programs,All Programs,program,,all,PE,,
To view the Program objects,To view the Program objects,program,,view,PE,,
To create the Program objects,To create the Program objects,program,,create,PE,,
To edit the Program objects,To edit the Program objects,program,,edit,PE,,
To delete the Program objects,To delete the Program objects,program,,delete,PE,,
All Program Templates,All Program Templates,programtemplate,,all,PE,,
To view the Program Template objects,To view the Program Template objects,programtemplate,,view,PE,,
To create the Program Template objects,To create the Program Template objects,programtemplate,,create,PE,,
To edit the Program Template objects,To edit the Program Template objects,programtemplate,,edit,PE,,
To delete the Program Template objects,To delete the Program Template objects,programtemplate,,delete,PE,,
Programs,To view Programs from Home Widgets,homewidget,program,view,PE,,
New Program,To create New Program from Home Widgets,homewidget,program,create,PE,,
All BOPs,All BOPs,bop,,all,PM,,
To view the BOP objects,To view the BOP objects,bop,,view,PM,,
To create the BOP objects,To create the BOP objects,bop,,create,PM,,
To edit the BOP objects,To edit the BOP objects,bop,,edit,PM,,
To delete the BOP objects,To delete the BOP objects,bop,,delete,PM,,
All BOP types Classification,All BOP types Classification,boptype,,all,PM,,
To view the BOP type Classification objects,To view the BOP type Classification objects,boptype,,view,PM,,
To create the BOP type Classification objects,To create the BOP type Classification objects,boptype,,create,PM,,
To edit the BOP type Classification objects,To edit the BOP type Classification objects,boptype,,edit,PM,,
To delete the BOP type Classification objects,To delete the BOP type Classification objects,boptype,,delete,PM,,
All MBOMs,All MBOMs,mbom,,all,PM,,
To view the MBOM objects,To view the MBOM objects,mbom,,view,PM,,
To create the MBOM objects,To create the MBOM objects,mbom,,create,PM,,
To edit the MBOM objects,To edit the MBOM,mbom,,edit,PM,,
To delete the MBOM objects,To delete the MBOM objects,mbom,,delete,PM,,
All MBOM types Classification,All MBOM types Classification,mbomtype,,all,PM,,
To view the MBOM type Classification objects,To view the MBOM type Classification objects,mbomtype,,view,PM,,
To create the MBOM type Classification objects,To create the MBOM type Classification objects,mbomtype,,create,PM,,
To edit the MBOM type Classification objects,To edit the MBOM type Classification objects,mbomtype,,edit,PM,,
To delete the MBOM type Classification objects,To delete the MBOM type Classification objects,mbomtype,,delete,PM,,